# 2022 presidential results by county as published on Wikipedia (from IEBC Form 34C), retrieved 4 Oct 2026: https://en.wikipedia.org/wiki/2022_Kenyan_general_election
# Some rows are internally inconsistent (candidate votes do not add up to valid votes); scripts/check-2022.mjs only uses rows that do.
county_code,county,registered,total_votes,valid,odinga,ruto,wajackoyah,mwaure
1,"Mombasa",642362,281113,277301,161015,113700,2104,482
2,"Kwale",328316,180368,179009,125541,51918,1137,413
3,"Kilifi",588842,288813,285496,204536,77331,2534,1221
4,"Tana River",141110,94573,93505,51390,41505,412,198
5,"Lamu",81468,50957,50070,26160,22876,848,186
6,"Taita–Taveta",182126,112493,111494,81271,29148,826,249
7,"Garissa",201513,110550,109960,81376,28111,396,77
8,"Wajir",207767,134447,133391,83486,49062,626,217
9,"Mandera",217034,136411,135565,106279,28351,676,259
10,"Marsabit",166944,115385,114904,55675,58782,303,144
11,"Isiolo",89535,59514,58978,26449,32302,175,52
12,"Meru",772573,511285,506476,103679,398946,2798,1053
13,"Tharaka-Nithi",231966,162558,161578,15062,145081,974,461
14,"Embu",334684,222947,221048,31469,188874,1339,554
15,"Kitui",532833,332397,329073,203750,77912,2412,1216
16,"Machakos",687565,413997,410238,258647,79386,2525,872
17,"Makueni",479401,292726,290819,229187,59331,1848,572
18,"Nyandarua",361217,242238,240616,49228,189519,1048,821
19,"Nyeri",481632,329151,326880,52043,272507,1344,982
20,"Kirinyaga",376001,262723,262723,37978,220752,1361,644
21,"Murang'a",620929,422897,420343,67181,310895,1723,1379
22,"Kiambu",1275008,830826,825191,210302,605761,4373,3798
23,"Turkana",238528,144631,143532,56300,29333,227,139
24,"West Pokot",220026,174963,173705,63147,109940,298,160
25,"Samburu",100014,70688,70348,41737,28319,238,62
26,"Trans-Nzoia",398981,252983,250513,131581,115750,875,412
27,"Uasin Gishu",506138,351946,349863,76032,272862,590,390
28,"Elgeyo-Marakwet",213884,166761,165224,4902,160092,176,120
29,"Nandi",406288,309067,307575,24872,240820,404,256
30,"Baringo",281053,218105,217091,40316,143429,425,186
31,"Laikipia",263012,170420,169084,34276,105827,522,389
32,"Nakuru",1054856,691673,686170,170169,357439,1756,1536
33,"Narok",398784,400449,398852,106967,132366,303,181
34,"Kajiado",463273,310271,308624,157704,147974,1132,778
35,"Kericho",428067,336337,334516,14442,272975,362,180
36,"Bomet",875689,301151,299606,15132,333491,667,274
37,"Kakamega",844551,844709,503719,325302,130184,3224,1128
38,"Vihiga",310043,186448,184333,113623,66717,1448,503
39,"Bungoma",646598,410667,405151,144658,255337,2480,
40,"Busia",416756,279619,276730,226317,48827,1406,474
41,"Siaya",533595,378248,376354,371201,4307,735,209
42,"Kisumu",606754,433577,431005,419141,10049,734,247
43,"Homa Bay",551071,406157,404112,397499,3469,719,139
44,"Migori",469019,349384,347773,292451,64645,810,338
45,"Kisii",637010,407227,402836,262618,133838,1590,696
46,"Nyamira",323283,210648,208651,126284,76541,849,339
47,"Nairobi City",2416551,1352236,1339367,760506,560293,5846,4563
