pcode,county,constituency,registered,raila,ruto,mwaure,wajackoyah,sum_of_candidates,form34b_total,rejected
KE001001,Mombasa,Changamwe,93561,24237,19098,73,186,43594,43594,435
KE001002,Mombasa,Jomvu,75085,20863,13962,51,227,35103,35103,433
KE001003,Mombasa,Kisauni,135276,35190,21877,125,451,57643,57643,572
KE001004,Mombasa,Nyali,124253,31600,23519,108,562,55789,55789,1151
KE001005,Mombasa,Likoni,94764,24444,12908,47,244,37643,37643,539
KE001006,Mombasa,Mvita,118974,24497,22210,78,431,47216,47216,670
KE002007,Kwale,Msambweni,82261,33758,12278,74,298,46408,46408,465
KE002008,Kwale,Lungalunga,64854,22938,10345,98,190,33571,33571,200
KE002009,Kwale,Matuga,83015,32686,11897,96,366,45045,45045,349
KE002010,Kwale,Kinango,98123,36159,17398,145,283,53985,53985,354
KE003011,Kilifi,Kilifi North,116742,39676,12970,146,474,53266,53311,449
KE003012,Kilifi,Kilifi South,97696,32570,10982,111,339,44002,44002,648
KE003013,Kilifi,Kaloleni,73009,25059,11800,175,358,37392,37392,334
KE003014,Kilifi,Rabai,59165,18631,9705,115,290,28741,28741,294
KE003015,Kilifi,Ganze,67257,30422,6985,194,383,37984,37984,414
KE003016,Kilifi,Malindi,94605,27676,13841,107,308,41932,41932,439
KE003017,Kilifi,Magarini,80128,30568,11049,220,403,42240,42240,382
KE004018,Tana River,Garsen,55453,17200,17853,43,148,35244,35244,411
KE004019,Tana River,Galole,39965,16744,11566,109,160,28579,28579,436
KE004020,Tana River,Bura,45678,17446,12087,46,104,29683,29683,218
KE005021,Lamu,Lamu East,22047,9564,4639,48,452,14703,14703,436
KE005022,Lamu,Lamu West,59406,16596,18237,138,396,35367,35367,451
KE006023,Taita Taveta,Taveta,41031,21034,6689,42,138,27903,27903,156
KE006024,Taita Taveta,Wundanyi,35008,16847,4309,75,238,21469,21469,209
KE006025,Taita Taveta,Mwatate,44411,20376,6010,54,193,26633,26633,277
KE006026,Taita Taveta,Voi,61377,23014,12140,78,257,35489,35489,357
KE007027,Garissa,Garissa Township,53253,16898,7790,17,108,24813,25013,223
KE007028,Garissa,Balambala,26085,5714,7854,12,72,13652,13652,84
KE007029,Garissa,Lagdera,26949,12797,1999,10,80,14886,14886,80
KE007030,Garissa,Dadaab,38185,22247,508,12,54,22821,22821,74
KE007031,Garissa,Fafi,27335,5403,8377,18,49,13847,13662,48
KE007032,Garissa,Ijara,29666,18214,1367,7,56,19644,19664,65
KE008033,Wajir,Wajir North,33927,12853,8202,61,145,21261,21261,220
KE008034,Wajir,Wajir East,35794,13712,8152,36,120,22020,22020,139
KE008035,Wajir,Tarbaj,25267,8912,9735,51,96,18794,18794,102
KE008036,Wajir,Wajir West,31334,15045,6369,16,57,21487,21487,82
KE008037,Wajir,Eldas,23359,12629,1282,8,36,13955,13955,92
KE008038,Wajir,Wajir South,58077,19886,14786,44,163,34879,34879,318
KE009039,Mandera,Mandera West,37637,20531,5160,67,156,25914,25914,130
KE009040,Mandera,Banissa,32703,20555,2841,31,79,23506,23506,140
KE009041,Mandera,Mandera North,45216,20359,3080,67,111,23617,23617,64
KE009042,Mandera,Mandera South,34691,17034,7263,36,126,24459,24459,110
KE009043,Mandera,Mandera East,48219,18324,7315,42,141,25822,25822,312
KE009044,Mandera,Lafey,18564,9473,2690,19,61,12243,12243,86
KE010045,Marsabit,Moyale,66402,20595,23768,69,113,44545,44545,675
KE010046,Marsabit,North Horr,36855,23160,3040,29,66,26295,26295,51
KE010047,Marsabit,Saku,30209,7759,13198,11,62,21030,21030,94
KE010048,Marsabit,Laisamis,33446,4161,18776,35,62,23034,23034,60
KE011049,Isiolo,Isiolo North,67323,19753,22847,40,142,42782,42382,344
KE011050,Isiolo,Isiolo South,22181,6696,9455,12,33,16196,16196,192
KE012051,Meru,Igembe South,77126,13033,36399,111,310,49853,49853,624
KE012052,Meru,Igembe Central,93434,13343,45497,165,294,59299,59299,438
KE012053,Meru,Igembe North,77050,12079,36517,111,278,48985,48985,562
KE012054,Meru,Tigania West,70283,8824,36454,112,310,45700,45700,422
KE012055,Meru,Tigania East,83527,23916,29528,110,423,53977,53897,773
KE012056,Meru,North Imenti,96241,9680,51696,101,262,61739,61739,535
KE012057,Meru,Buuri,82341,7167,46451,78,206,53902,53902,483
KE012058,Meru,Central Imenti,76495,6001,47078,119,280,53478,53475,362
KE012059,Meru,South Imenti,115642,9764,69194,143,437,79538,79448,611
KE013060,Tharaka-Nithi,Chuka/igambang'ombe,84674,5249,53038,173,346,58806,58806,306
KE013061,Tharaka-Nithi,Maara,73248,4902,45182,134,275,50493,50493,290
KE013062,Tharaka-Nithi,Tharaka,74010,4877,46582,154,522,52135,52135,375
KE014063,Embu,Manyatta,106588,8601,59915,163,382,69061,69061,559
KE014064,Embu,Runyenjes,95326,5191,57695,104,397,63387,63387,600
KE014065,Embu,Mbeere South,77264,14010,36371,139,304,50824,50824,458
KE014066,Embu,Mbeere North,55124,3407,34000,117,253,37777,37777,228
KE015067,Kitui,Mwingi North,68829,31625,11508,230,424,43787,43817,282
KE015068,Kitui,Mwingi West,57138,26470,8855,162,302,35789,35789,328
KE015069,Kitui,Mwingi Central,74231,33082,10749,228,431,44490,44490,817
KE015070,Kitui,Kitui West,59047,27673,8363,143,303,36482,36482,448
KE015071,Kitui,Kitui Rural,55000,24668,7845,117,190,32820,32820,334
KE015072,Kitui,Kitui Central,77764,29069,16820,144,283,46316,46316,431
KE015073,Kitui,Kitui East,65377,28517,13533,202,380,42632,42632,322
KE015074,Kitui,Kitui South,75372,34267,11746,182,527,46722,46726,355
KE016075,Machakos,Masinga,68879,33981,9031,112,238,43362,43362,216
KE016076,Machakos,Yatta,82397,38225,10391,121,325,49062,49062,402
KE016077,Machakos,Kangundo,60796,29008,8405,93,365,37871,30621,330
KE016078,Machakos,Matungulu,75841,33249,11991,146,346,45732,45732,413
KE016079,Machakos,Kathiani,60224,30984,6624,91,300,37999,37999,260
KE016080,Machakos,Mavoko,132163,46183,22051,203,380,68817,68817,998
KE016081,Machakos,Machakos Town,117367,50114,19677,196,540,70527,70527,721
KE016082,Machakos,Mwala,89898,42286,13267,113,411,56077,56077,386
KE017083,Makueni,Mbooni,96029,50634,9724,125,363,60846,60846,449
KE017084,Makueni,Kilome,59178,28166,7023,82,233,35504,35504,240
KE017085,Makueni,Kaiti,65188,33617,7659,95,272,41643,41643,228
KE017086,Makueni,Makueni,102712,48557,12341,90,402,61390,61309,381
KE017087,Makueni,Kibwezi West,91554,40909,12635,102,294,53940,53940,365
KE017088,Makueni,Kibwezi East,64740,27072,9762,81,270,37185,37185,244
KE018089,Nyandarua,Kinangop,115547,15359,61960,260,328,77907,77907,513
KE018090,Nyandarua,Kipipiri,54628,7817,28899,139,181,37036,37036,212
KE018091,Nyandarua,Ol Kalou,72997,11202,35690,187,232,47311,47311,283
KE018092,Nyandarua,Ol Jorok,60147,7579,31982,140,166,39867,39867,296
KE018093,Nyandarua,Ndaragwa,57846,7271,30982,95,141,38489,38489,315
KE019094,Nyeri,Tetu,54986,5979,31791,130,172,38072,38072,231
KE019095,Nyeri,Kieni,114573,11894,62497,199,261,74851,74851,573
KE019096,Nyeri,Mathira,104492,9328,63715,139,257,73439,73439,465
KE019097,Nyeri,Othaya,61879,7145,35972,143,198,43458,43458,315
KE019098,Nyeri,Mukurweini,58534,5514,34322,132,163,40131,40131,245
KE019099,Nyeri,Nyeri Town,87168,12088,43576,237,286,56187,56187,441
KE020100,Kirinyaga,Mwea,131714,12884,75028,186,489,88587,88587,694
KE020101,Kirinyaga,Gichugu,92495,9175,56018,174,351,65718,65718,395
KE020102,Kirinyaga,Ndia,69743,6872,41293,151,232,48548,48548,346
KE020103,Kirinyaga,Kirinyaga Central,82049,8978,48645,129,295,58047,58047,285
KE021104,Murang'a,Kangema,52002,5456,29242,137,130,34965,34965,266
KE021105,Murang'a,Mathioya,58102,6293,32313,149,214,38969,38969,262
KE021106,Murang'a,Kiharu,119389,13114,66939,283,383,80719,80719,433
KE021107,Murang'a,Kigumo,82609,11160,45964,219,258,57601,57601,346
KE021108,Murang'a,Maragwa,102383,11271,55902,216,324,67713,67713,398
KE021109,Murang'a,Kandara,105148,11118,58612,255,305,70290,78290,356
KE021110,Murang'a,Gatanga,101296,15117,53443,272,323,69155,69155,496
KE022111,Kiambu,Gatundu South,79860,12290,41712,223,311,54536,54536,475
KE022112,Kiambu,Gatundu North,71810,8745,40310,136,203,49394,49394,431
KE022113,Kiambu,Juja,134638,32197,62208,353,498,95256,86256,462
KE022114,Kiambu,Thika Town,156018,29954,60728,409,436,91527,91527,617
KE022115,Kiambu,Ruiru,172088,32959,68695,483,543,102680,102680,763
KE022116,Kiambu,Githunguri,104592,13429,58343,270,296,72338,72338,472
KE022117,Kiambu,Kiambu,86986,14860,41050,318,318,56546,56546,392
KE022118,Kiambu,Kiambaa,104268,18879,48357,347,381,67964,67964,468
KE022119,Kiambu,Kabete,91775,15662,44129,367,425,60583,60583,324
KE022120,Kiambu,Kikuyu,98758,16877,47145,429,438,64889,64889,447
KE022121,Kiambu,Limuru,93019,14500,46059,300,318,61177,61177,482
KE022122,Kiambu,Lari,81196,9162,47315,170,209,56856,56856,299
KE023123,Turkana,Turkana North,42937,15318,10675,43,41,26077,26077,24
KE023124,Turkana,Turkana West,42673,17258,9298,43,85,26684,26684,105
KE023125,Turkana,Turkana Central,55971,18847,14089,82,131,33149,33149,524
KE023126,Turkana,Loima,36515,13042,8025,36,57,21160,21160,74
KE023127,Turkana,Turkana South,40432,20472,3088,51,79,23690,23690,217
KE023128,Turkana,Turkana East,20000,11083,1347,19,49,12498,12498,76
KE024129,West Pokot,Kapenguria,66540,15042,35242,57,101,50442,50442,390
KE024130,West Pokot,Sigor,43934,13774,21261,55,102,35192,35192,354
KE024131,West Pokot,Kacheliba,51146,16767,24445,12,38,41262,41262,94
KE024132,West Pokot,Pokot South,58406,17489,28825,66,132,46512,46581,469
KE025133,Samburu,Samburu West,43390,18992,12206,28,106,31332,31332,173
KE025134,Samburu,Samburu North,29830,14598,7015,17,63,21693,21693,56
KE025135,Samburu,Samburu East,26794,8147,9098,17,71,17333,17333,107
KE026136,Trans Nzoia,Kwanza,75839,29040,16162,82,181,45465,45465,548
KE026137,Trans Nzoia,Endebess,50688,13954,18255,50,78,32337,32337,361
KE026138,Trans Nzoia,Saboti,87384,27269,26382,80,196,53927,53927,411
KE026139,Trans Nzoia,Kiminini,93240,34863,20924,113,264,56164,56164,716
KE026140,Trans Nzoia,Cherangany,91830,27314,35053,89,164,62620,62620,434
KE027141,Uasin Gishu,Soy,92702,10824,55903,49,107,66883,66883,345
KE027142,Uasin Gishu,Turbo,120202,25927,51068,117,166,77278,77278,486
KE027143,Uasin Gishu,Moiben,77877,6772,49625,54,51,56502,56502,345
KE027144,Uasin Gishu,Ainabkoi,62606,8620,35401,51,90,44162,44102,261
KE027145,Uasin Gishu,Kapseret,74809,14900,35218,60,92,50270,50270,306
KE027146,Uasin Gishu,Kesses,77942,8966,45653,61,88,54768,54768,334
KE028147,Elgeyo-Marakwet,Marakwet East,43672,735,31858,31,42,32666,32686,455
KE028148,Elgeyo-Marakwet,Marakwet West,58568,1290,44439,31,47,45807,45807,202
KE028149,Elgeyo-Marakwet,Keiyo North,49247,1266,37337,30,32,38665,38665,152
KE028150,Elgeyo-Marakwet,Keiyo South,62397,1611,46436,30,55,48132,48132,455
KE029151,Nandi,Tinderet,51446,923,39967,23,42,40955,40955,148
KE029152,Nandi,Aldai,78005,6919,51402,60,125,58506,58506,279
KE029153,Nandi,Nandi Hills,57910,3471,38308,40,45,41864,41864,229
KE029154,Nandi,Chesumei,74201,5942,49707,55,101,55805,55805,296
KE029155,Nandi,Emgwen,66940,7602,41086,57,87,48832,48832,253
KE029156,Nandi,Mosop,77786,1180,60343,46,46,61615,61615,288
KE030157,Baringo,Tiaty,39059,25282,5708,30,105,31125,31125,56
KE030158,Baringo,Baringo North,45920,923,37635,16,56,38630,38630,159
KE030159,Baringo,Baringo Central,50287,1656,33162,26,62,34906,34906,168
KE030160,Baringo,Baringo South,42791,7351,25534,41,90,33016,33016,201
KE030161,Baringo,Mogotio,38922,982,30824,34,49,31889,31889,122
KE030162,Baringo,Eldama Ravine,64074,5122,42118,72,114,47426,47426,308
KE031163,Laikipia,Laikipia West,118865,20943,57192,222,258,78615,78615,623
KE031164,Laikipia,Laikipia East,96395,13335,48792,168,262,62557,62558,462
KE031165,Laikipia,Laikipia North,47752,14630,13157,42,82,27911,27911,251
KE032166,Nakuru,Molo,77027,18632,29472,132,149,48385,48385,720
KE032167,Nakuru,Njoro,113274,28954,44747,203,271,74175,74176,503
KE032168,Nakuru,Naivasha,157128,36487,61915,283,429,99114,99114,623
KE032169,Nakuru,Gilgil,95654,20997,39225,246,275,60743,60743,609
KE032170,Nakuru,Kuresoi South,66168,782,49010,24,62,49878,49878,203
KE032171,Nakuru,Kuresoi North,70663,8353,40542,57,85,49037,49037,383
KE032172,Nakuru,Subukia,55599,8301,29772,101,149,38323,38323,343
KE032173,Nakuru,Rongai,84625,13799,42530,96,134,56559,56559,487
KE032174,Nakuru,Bahati,97040,18668,44847,256,291,64062,64062,468
KE032175,Nakuru,Nakuru Town West,112127,36824,32922,111,209,70066,70014,628
KE032176,Nakuru,Nakuru Town East,125551,34223,40942,302,382,75849,75849,531
KE033177,Narok,Kilgoris,76883,26430,30604,66,105,57205,57205,321
KE033178,Narok,Emurua Dikirr,44040,501,35186,30,36,35753,35752,138
KE033179,Narok,Narok North,88665,51722,14940,55,137,66854,66854,329
KE033180,Narok,Narok East,46535,23686,12164,28,45,35923,35923,183
KE033181,Narok,Narok South,76065,27287,30456,26,54,57823,57823,
KE033182,Narok,Narok West,66596,28861,25073,21,60,54015,54015,262
KE034183,Kajiado,Kajiado North,134880,35868,41723,396,365,78352,78352,582
KE034184,Kajiado,Kajiado Central,65823,28468,22605,50,108,51231,51231,189
KE034185,Kajiado,Kajiado West,75173,29716,28272,73,143,58204,58204,281
KE034186,Kajiado,Kajiado East,116336,40743,28463,122,235,69563,69563,
KE034187,Kajiado,Kajiado South,71061,23731,27376,47,82,51236,51238,199
KE035188,Kericho,Kipkelion East,63679,3303,43898,33,43,47277,47277,248
KE035189,Kericho,Kipkelion West,52960,1771,40056,29,51,41907,41807,207
KE035190,Kericho,Ainamoi,85024,5720,56781,49,96,62646,62646,416
KE035191,Kericho,Bureti,95320,1426,76331,40,97,77894,77894,320
KE035192,Kericho,Belgut,75175,2140,55631,30,76,57877,57877,295
KE035193,Kericho,Sigowet/Soin,55909,695,45886,26,32,46639,46639,328
KE036194,Bomet,Sotik,86681,2417,66866,51,109,69443,69443,276
KE036195,Bomet,Chepalungu,80140,5009,58827,54,142,64032,64032,507
KE036196,Bomet,Bomet East,63640,1769,47987,38,107,49901,49901,259
KE036197,Bomet,Bomet Central,71409,2024,55486,55,105,57670,57670,329
KE036198,Bomet,Konoin,75115,2164,56262,36,98,58560,58560,175
KE037199,Kakamega,Lugari,86908,36606,15125,134,294,52159,52159,540
KE037200,Kakamega,Likuyani,72449,32872,9469,119,180,42640,42640,412
KE037201,Kakamega,Malava,94417,29088,27152,180,370,56790,56790,762
KE037202,Kakamega,Lurambi,89627,36143,14492,101,266,51002,51002,763
KE037203,Kakamega,Navakholo,64743,24690,14579,123,267,39659,39659,443
KE037204,Kakamega,Mumias West,53317,25079,5926,67,260,31332,31332,311
KE037205,Kakamega,Mumias East,50568,19467,10839,67,235,30608,30608,364
KE037206,Kakamega,Matungu,73930,35136,12010,124,608,47878,47878,455
KE037207,Kakamega,Butere,70224,34044,6202,99,327,40672,40672,413
KE037208,Kakamega,Khwisero,55091,27997,5201,76,235,33509,33509,438
KE037209,Kakamega,Shinyalu,76978,32367,10802,93,240,43502,43496,355
KE037210,Kakamega,Ikolomani,56299,24437,8807,52,190,33486,33307,24
KE038211,Vihiga,Vihiga,52289,17140,12432,84,233,29889,29888,400
KE038212,Vihiga,Sabatia,70875,19743,22087,126,330,42286,42286,343
KE038213,Vihiga,Hamisi,80384,31130,14589,86,286,46091,46091,527
KE038214,Vihiga,Luanda,56310,25170,9085,115,319,34689,34689,534
KE038215,Vihiga,Emuhaya,50185,21531,9440,104,304,31379,31379,314
KE039216,Bungoma,Mt. Elgon,76159,5647,48659,148,149,54603,54603,540
KE039217,Bungoma,Sirisia,48717,11882,17275,120,166,29443,29443,396
KE039218,Bungoma,Kabuchai,67221,10680,32221,193,385,43479,43479,425
KE039219,Bungoma,Bumula,82047,22177,28968,213,358,51716,51716,734
KE039220,Bungoma,Kanduyi,118333,30926,38384,204,413,69927,70046,1347
KE039221,Bungoma,Webuye East,48950,13720,16412,110,249,30491,30491,384
KE039222,Bungoma,Webuye West,58632,10928,25057,251,228,36464,36464,633
KE039223,Bungoma,Kimilili,61587,14140,22939,130,233,37442,37442,427
KE039224,Bungoma,Tongaren,84952,25100,25825,213,321,51459,51459,665
KE040225,Busia,Teso North,59795,32176,6760,85,181,39202,39202,911
KE040226,Busia,Teso South,71268,40712,6071,80,163,47026,47026,409
KE040227,Busia,Nambale,50545,28363,5086,55,182,33686,33686,318
KE040228,Busia,Matayos,67708,34916,8700,60,207,43883,43883,314
KE040229,Busia,Butula,67377,40161,3663,65,287,44176,44176,253
KE040230,Busia,Funyula,54031,29826,7163,83,239,37311,37311,301
KE040231,Busia,Budalangi,46032,20180,11361,46,157,31744,31744,297
KE041232,Siaya,Ugenya,69027,47252,842,49,103,48246,48265,275
KE041233,Siaya,Ugunja,60114,40540,517,17,88,41162,41162,185
KE041234,Siaya,Alego Usonga,122002,85301,865,40,166,86372,86372,316
KE041235,Siaya,Gem,93568,63428,702,41,143,64314,64314,335
KE041236,Siaya,Bondo,104035,73534,729,21,93,74377,74377,514
KE041237,Siaya,Rarieda,84849,61022,661,40,141,61864,61864,263
KE042238,Kisumu,Kisumu East,93177,63454,1324,50,113,64941,64941,337
KE042239,Kisumu,Kisumu West,82927,57730,1238,42,139,59149,59149,297
KE042240,Kisumu,Kisumu Central,130149,79955,4458,60,210,84683,84683,506
KE042241,Kisumu,Seme,62045,46088,251,20,59,46418,46418,186
KE042242,Kisumu,Nyando,80757,60040,394,24,67,60525,60525,408
KE042243,Kisumu,Muhoroni,79765,56714,2025,34,77,58850,58850,385
KE042244,Kisumu,Nyakach,77934,55581,320,26,78,56005,56005,435
KE043245,Homa Bay,Kasipul,67513,48177,404,26,92,48699,48699,172
KE043246,Homa Bay,Kabondo Kasipul,59910,42088,260,16,65,42429,42429,155
KE043247,Homa Bay,Karachuonyo,94181,68340,648,7,88,69083,68746,275
KE043248,Homa Bay,Rangwe,58886,42308,319,13,90,42730,42730,159
KE043249,Homa Bay,Homa Bay Town,58335,43075,638,12,134,43859,43859,172
KE043250,Homa Bay,Ndhiwa,96734,70311,460,29,123,70923,70923,680
KE043251,Homa Bay,Suba North,60674,45041,309,10,62,45422,45496,206
KE043252,Homa Bay,Suba South,54838,40475,449,11,53,40988,40988,191
KE044253,Migori,Rongo,59181,44944,578,20,57,45599,45599,140
KE044254,Migori,Awendo,55972,42223,474,12,54,42763,42763,123
KE044255,Migori,Suna East,54465,38389,2128,27,74,40618,40618,208
KE044256,Migori,Suna West,56686,42436,701,16,57,43210,43120,97
KE044257,Migori,Uriri,65063,47249,2458,32,126,49865,49865,240
KE044258,Migori,Nyatike,73432,54894,458,17,74,55443,44443,139
KE044259,Migori,Kuria West,62244,11970,28933,108,229,41240,41240,362
KE044260,Migori,Kuria East,41976,12031,16795,65,144,29035,29035,288
KE045261,Kisii,Bonchari,64630,29198,12706,81,165,42150,48150,484
KE045262,Kisii,South Mugirango,79004,30496,21289,92,227,52104,52104,455
KE045263,Kisii,Bomachoge Borabu,56991,23778,12094,51,137,36060,36060,288
KE045264,Kisii,Bobasi,106060,50242,16863,116,275,67496,67496,760
KE045265,Kisii,Bomachoge Chache,49301,23390,9254,50,95,32789,32789,328
KE045266,Kisii,Nyaribari Masaba,68593,26249,16375,114,198,42936,42936,543
KE045267,Kisii,Nyaribari Chache,88553,32216,21366,98,259,53939,53939,688
KE045268,Kisii,Kitutu Chache North,56970,18649,15594,94,158,34495,34491,434
KE045269,Kisii,Kitutu Chache South,66908,30857,9187,57,169,40270,40870,398
KE046270,Nyamira,Kitutu Masaba,106269,45266,23849,127,285,69527,69527,738
KE046271,Nyamira,West Mugirango,88199,35663,20831,92,236,56822,56822,566
KE046272,Nyamira,North Mugirango,64750,23588,18965,66,166,42785,42785,311
KE046273,Nyamira,Borabu,64065,24307,14626,60,236,39229,39229,375
KE047274,Nairobi,Westlands,160739,55088,28232,332,493,84145,84145,1115
KE047275,Nairobi,Dagoretti North,157659,56535,25764,469,436,83204,83204,897
KE047276,Nairobi,Dagoretti South,114930,26947,40120,230,328,67625,67625,782
KE047277,Nairobi,Langata,145649,51223,27871,534,528,80156,80156,1189
KE047278,Nairobi,Kibra,128282,55132,19337,200,291,74960,74990,460
KE047279,Nairobi,Roysambu,153772,31032,59180,403,407,91022,91022,1102
KE047280,Nairobi,Kasarani,155250,35027,55300,573,498,91398,91398,780
KE047281,Nairobi,Ruaraka,124482,58539,15182,68,159,73948,73948,625
KE047282,Nairobi,Embakasi South,167953,53838,28121,133,292,82384,82384,647
KE047283,Nairobi,Embakasi North,113344,35573,33401,120,160,69254,69254,442
KE047284,Nairobi,Embakasi Central,145892,42580,39412,177,279,82448,82448,720
KE047285,Nairobi,Embakasi East,154599,53982,30976,271,388,85617,85307,492
KE047286,Nairobi,Embakasi West,141878,45546,34950,290,426,81212,81215,467
KE047287,Nairobi,Makadara,129627,43353,30138,283,332,74106,74106,452
KE047288,Nairobi,Kamukunji,128516,35552,25830,99,253,61734,61734,1385
KE047289,Nairobi,Starehe,169575,46286,43140,341,417,90184,90184,698
KE047290,Nairobi,Mathare,123163,41177,24814,97,258,66346,66346,587
