# 2022 presidential shares by county, ELOG compilation of IEBC county results (via kenya-election-intelligence-engine data/model/historical_backtest_diagnostics.json): https://elog.or.ke/elections-results-home/
county,ruto_share_pct,raila_share_pct,turnout_pct
"Mombasa",41.0024,58.0651,43.7624
"Kwale",29.003,70.1311,54.9373
"Kilifi",27.0865,71.6423,49.0262
"Tana River",44.388,54.9596,67.0208
"Lamu",45.688,52.2469,62.5485
"Taita Taveta",26.1431,72.8927,61.7666
"Garissa",25.5648,74.0051,54.86
"Wajir",36.7806,62.5874,64.6903
"Mandera",20.9132,78.3971,62.8524
"Marsabit",51.1575,48.4535,69.116
"Isiolo",54.7696,44.8455,66.4701
"Meru",78.769,20.4707,66.1795
"Tharaka-Nithi",89.7901,9.3218,70.0784
"Embu",85.0408,14.1187,66.6142
"Kitui",27.173,71.5349,62.383
"Machakos",24.731,74.3005,60.201
"Makueni",20.3546,78.8164,61.0463
"Nyandarua",78.7641,20.4592,67.0616
"Nyeri",83.3661,15.9239,68.2886
"Kirinyaga",84.7007,14.5301,69.8477
"Murang'a",81.6831,17.4919,68.0964
"Kiambu",73.4895,25.5189,65.1542
"Turkana",32.5335,66.9656,60.6282
"West Pokot",63.2935,36.3213,79.5135
"Samburu",40.2698,59.3293,70.6513
"Trans Nzoia",46.6147,52.8675,63.3677
"Uasin Gishu",77.9928,21.7254,69.511
"Elgeyo-Marakwet",96.8582,2.9614,77.9607
"Nandi",91.299,8.4643,76.0513
"Baringo",80.6897,18.9907,77.5879
"Laikipia",70.4632,28.9253,64.7313
"Nakuru",66.436,32.944,65.5294
"Narok",48.0852,51.6986,77.7303
"Kajiado",48.1003,51.3751,66.9569
"Kericho",95.3201,4.4999,78.5603
"Bomet",95.2678,4.4669,79.876
"Kakamega",28.0248,71.043,60.2907
"Vihiga",36.6907,62.2319,60.1323
"Bungoma",63.1631,35.8582,63.5106
"Busia",17.6349,81.6832,67.0842
"Siaya",1.1479,98.6018,70.8858
"Kisumu",2.3227,97.446,71.3712
"Homa Bay",0.8654,98.929,73.6979
"Migori",15.1032,84.577,74.4871
"Kisii",33.5933,65.803,63.9177
"Nyamira",37.5536,61.8377,65.159
"Nairobi City",41.9433,57.2953,55.9573
